strain	chrVII:187174_A/G	chrVII:187348_G/T	chrVII:187354_A/G	chrVII:187403_GGAA/G	chrVII:187532_T/A	chrVII:187678_A/G	chrVII:188242_A/G	chrVII:188282_T/C	chrVII:188702_G/T	chrVII:188827_A/G	chrVII:189229_A/T	chrVII:189910_T/G	chrVII:190037_C/G
by-3-a3-1-7	2	2	2	2	2	2	1	1	2	2	2	2	2
by-3-b3-2-9	2	2	2	2	2	2	1	1	1	1	1	1	1
by-3-b3-2-2	2	2	2	2	2	2	2	2	2	2	1	1	1
by-3-a3-1-10	2	2	2	2	2	2	2	2	2	2	1	1	1
by-2-b3-2-6	2	2	2	2	2	2	2	2	2	2	2	1	1
by-1-a3-1-7	2	2	2	2	2	2	2	2	2	2	2	2	2
by-1-b3-1-13	2	2	2	2	2	2	2	2	2	2	2	2	2
by-3-b3-1-10	2	2	2	2	2	2	2	2	2	2	2	2	2
by-3-a3-213	1	1	1	1	1	1	2	1	2	2	2	2	2
rm-3-g8-1-10	0	0	0	0	0	0	0	0	1	1	1	1	1
by-2-b3-2-9	2	2	2	2	2	2	2	2	2	2	2	2	2
rm-3-g8-2-13	0	0	0	0	1	1	1	1	1	1	1	1	1
by-3-b3-1-15	2	2	2	2	2	1	1	1	1	1	1	1	1
rm-2-g8-2-6	0	0	0	0	0	0	0	0	1	1	1	1	1
rm-1-g8-2-3	1	1	1	1	1	1	1	1	1	1	1	1	1
by-1-a3-2-12	2	2	2	2	2	2	2	2	1	1	1	1	1
rm-1-g8-2-12	1	1	1	1	1	1	1	1	1	1	1	1	1
rm-3-g8-2-9	0	0	0	0	1	1	1	1	1	1	1	1	1
by-1-b3-1-15	2	2	2	2	2	2	1	1	1	1	1	1	1
rm-3-g8-2-6	0	0	0	0	0	0	1	1	1	1	1	1	1
rm-3-g8-3-9	0	0	0	0	1	1	1	1	1	1	1	1	1
rm-3-g8-4-10	0	0	0	0	1	1	1	1	1	1	1	1	1
rm-1-g8-3-13	0	1	1	1	1	1	1	1	1	1	1	1	1
rm-2-g8-2-14	0	0	0	1	1	1	1	1	1	1	1	1	1
by-3-b3-2-15	2	2	2	2	2	2	1	1	1	1	1	1	1
by-1-b3-2-7	2	2	2	2	2	2	1	1	1	1	1	1	1
rm-1-g8-3-2	0	1	1	1	1	1	1	1	1	1	1	1	1
by-2-b3-1-7	2	2	2	2	2	2	2	2	1	1	1	1	1
by-2-b3-2-8	2	2	2	2	2	2	2	1	1	1	1	1	1
by-2-b3-1-2	2	2	2	2	2	2	2	2	1	1	1	1	1
rm-3-g8-4-13	0	0	0	0	1	1	1	1	1	1	1	1	1
by-2-b3-1-9	2	2	2	2	2	2	1	1	1	1	1	1	1
by-1-a3-1-16	2	2	2	1	1	1	1	1	1	1	1	1	1
rm-1-g8-1-4	0	0	0	0	0	0	0	0	1	1	1	1	1
rm-3-g8-4-16	1	1	1	1	1	1	1	1	1	1	1	1	1
rm-3-g8-1-14	0	0	0	0	0	0	0	0	1	1	1	1	1
rm-2-g8-2-9	0	0	0	0	0	0	0	1	1	1	1	1	1
rm-1-g8-4-14	0	0	0	0	0	1	1	1	1	1	1	1	1
rm-1-g8-3-5	1	1	1	1	1	1	1	1	1	1	1	2	2
by-3-b3-2-7	2	2	2	2	1	1	1	1	1	1	1	1	1
by-3-b3-1-8	2	2	2	2	2	2	2	1	1	1	1	1	1
by-3-a3-1-5	2	2	2	2	2	2	2	2	1	1	1	1	1
rm-1-g8-3-10	0	0	0	0	0	1	1	1	1	1	1	1	1
by-1-b3-2-4	2	2	2	2	2	2	1	1	1	1	1	1	1
by-2-b3-2-16	2	2	2	2	1	1	1	1	1	1	1	1	1
rm-3-g8-2-3	0	0	0	0	0	0	0	0	1	1	1	1	1
rm-1-g8-1-12	0	0	0	0	0	0	0	0	0	1	1	1	1
by-3-b3-2-11	2	2	2	1	1	1	1	1	1	1	1	1	1
rm-3-g8-1-2	0	0	0	0	0	0	0	0	0	0	0	1	1
rm-1-g8-4-13	0	0	0	0	0	0	0	0	0	0	1	1	1
rm-2-g8-2-3	0	0	0	0	0	0	0	0	0	0	0	1	1
rm-3-g8-4-1	0	0	0	0	0	0	0	0	0	0	1	1	1
rm-2-g8-2-10	0	0	0	0	0	0	0	0	0	0	1	0	1
rm-1-g8-2-9	0	0	0	0	0	0	0	0	0	0	0	1	1
rm-2-g8-2-1	0	0	0	0	0	0	0	0	0	0	0	0	0
rm-3-g8-3-16	0	0	0	0	0	0	0	0	0	0	0	1	1
rm-2-g8-3-1	0	0	0	0	0	0	0	0	0	0	0	1	1
rm-3-g8-4-11	0	0	0	0	0	0	0	0	0	0	0	1	1
rm-3-g8-1-4	0	0	0	0	0	0	0	0	0	0	1	1	1
